/*
SQLyog 企业版 - MySQL GUI v8.14 
MySQL - 5.6.16-log : Database - angel
*********************************************************************
*/

/*!40101 SET NAMES utf8 */;

/*!40101 SET SQL_MODE=''*/;

/*!40014 SET @OLD_UNIQUE_CHECKS=@@UNIQUE_CHECKS, UNIQUE_CHECKS=0 */;
/*!40014 SET @OLD_FOREIGN_KEY_CHECKS=@@FOREIGN_KEY_CHECKS, FOREIGN_KEY_CHECKS=0 */;
/*!40101 SET @OLD_SQL_MODE=@@SQL_MODE, SQL_MODE='NO_AUTO_VALUE_ON_ZERO' */;
/*!40111 SET @OLD_SQL_NOTES=@@SQL_NOTES, SQL_NOTES=0 */;
CREATE DATABASE /*!32312 IF NOT EXISTS*/`angel` /*!40100 DEFAULT CHARACTER SET utf8 */;

USE `angel`;

/*Table structure for table `t_config_rank` */

DROP TABLE IF EXISTS `t_config_rank`;

CREATE TABLE `t_config_rank` (
  `rank_code` varchar(11) NOT NULL COMMENT '等级编码',
  `rank_name` varchar(64) DEFAULT NULL COMMENT '等级名称',
  `direct_bouns_rate` double DEFAULT NULL COMMENT '直接奖比例',
  `indirect_bouns_rate` double DEFAULT NULL COMMENT '间接奖比例',
  `leader_bouns_rate` double DEFAULT NULL COMMENT '领导奖比例',
  PRIMARY KEY (`rank_code`)
) ENGINE=MyISAM DEFAULT CHARSET=utf8;

/*Data for the table `t_config_rank` */

insert  into `t_config_rank`(`rank_code`,`rank_name`,`direct_bouns_rate`,`indirect_bouns_rate`,`leader_bouns_rate`) values ('102001','一星',NULL,NULL,NULL),('102002','二星',NULL,NULL,NULL),('102003','三星',NULL,NULL,NULL),('102004','四星',NULL,NULL,NULL),('102005','五星',NULL,NULL,NULL),('102006','六星',NULL,NULL,NULL),('102007','七星',NULL,NULL,NULL),('102008','八星',NULL,NULL,NULL),('102009','九星',NULL,NULL,NULL);

/*Table structure for table `t_order_list` */

DROP TABLE IF EXISTS `t_order_list`;

CREATE TABLE `t_order_list` (
  `BV` double DEFAULT NULL COMMENT 'BV值',
  `PV` double DEFAULT NULL COMMENT 'PV值',
  `book` int(11) DEFAULT NULL COMMENT 'BOOK',
  `purchaser_code` varchar(255) DEFAULT NULL COMMENT '经销商编码',
  `purchaser_name` varchar(255) DEFAULT NULL COMMENT '经销商姓名',
  `floors` int(11) DEFAULT NULL COMMENT '层级',
  `order_code` varchar(255) NOT NULL COMMENT '订单流水号(主键)',
  `product_code` varchar(255) DEFAULT NULL COMMENT '产品编码',
  `product_name` varchar(255) DEFAULT NULL COMMENT '产品名称',
  `product_price` double DEFAULT NULL COMMENT '产品价格',
  `sale_number` int(11) DEFAULT NULL COMMENT '购买数量',
  `sale_time` datetime DEFAULT NULL COMMENT '购买时间',
  `shop_code` varchar(255) DEFAULT NULL COMMENT '店铺编码',
  `shop_name` varchar(255) DEFAULT NULL COMMENT '店铺名称',
  `sum_price` double DEFAULT NULL COMMENT '累计价格',
  PRIMARY KEY (`order_code`)
) ENGINE=InnoDB DEFAULT CHARSET=utf8;

/*Data for the table `t_order_list` */

/*Table structure for table `t_product_info` */

DROP TABLE IF EXISTS `t_product_info`;

CREATE TABLE `t_product_info` (
  `product_code` varchar(15) NOT NULL COMMENT '产品编码(主键)',
  `product_name` varchar(64) NOT NULL COMMENT '产品名称',
  `product_price` double NOT NULL COMMENT '产品价格',
  `product_pv` double NOT NULL COMMENT 'PV值',
  `product_bv` double NOT NULL COMMENT 'BV值',
  `remark` varchar(255) DEFAULT NULL COMMENT '备注',
  `status` varchar(1) DEFAULT NULL COMMENT '产品状态(上架/下架)',
  PRIMARY KEY (`product_code`)
) ENGINE=MyISAM DEFAULT CHARSET=utf8;

/*Data for the table `t_product_info` */

insert  into `t_product_info`(`product_code`,`product_name`,`product_price`,`product_pv`,`product_bv`,`remark`,`status`) values ('A05','5',10,10,10,'','1'),('A02','2',21,21,21,'','1'),('A01','1',17,17,17,'','1'),('A18','18',9,9,4.5,'','1'),('E18','19',5,2.5,2.5,'','1');

/*Table structure for table `t_purchaser_achieve_curr` */

DROP TABLE IF EXISTS `t_purchaser_achieve_curr`;

CREATE TABLE `t_purchaser_achieve_curr` (
  `achieve_date` datetime DEFAULT NULL COMMENT '计算日期',
  `personal_achieve` double DEFAULT NULL COMMENT '个人业绩',
  `direct_achieve` double DEFAULT NULL COMMENT '直接业绩',
  `indirect_achieve` double DEFAULT NULL COMMENT '间接业绩',
  `accu_net_achieve` double DEFAULT NULL COMMENT '累计整网业绩',
  `net_achieve` double DEFAULT NULL COMMENT '整网业绩',
  `cell_achieve` double DEFAULT NULL COMMENT '小组业绩',
  `accu_personal_achieve` double DEFAULT NULL COMMENT '累计个人业绩',
  `purchaser_code` varchar(8) NOT NULL COMMENT '经销商编码(主键)',
  `floors` int(11) NOT NULL COMMENT '层级',
  `rank_name` varchar(255) DEFAULT NULL COMMENT '等级名称',
  `rank_code` varchar(11) DEFAULT NULL COMMENT '等级编码',
  PRIMARY KEY (`purchaser_code`)
) ENGINE=MyISAM DEFAULT CHARSET=utf8;

/*Data for the table `t_purchaser_achieve_curr` */

/*Table structure for table `t_purchaser_achieve_his` */

DROP TABLE IF EXISTS `t_purchaser_achieve_his`;

CREATE TABLE `t_purchaser_achieve_his` (
  `achieve_date` datetime DEFAULT NULL COMMENT '计算日期',
  `personal_achieve` double DEFAULT NULL COMMENT '个人业绩',
  `direct_achieve` double DEFAULT NULL COMMENT '直接业绩',
  `indirect_achieve` double DEFAULT NULL COMMENT '间接业绩',
  `accu_net_achieve` double DEFAULT NULL COMMENT '累计整网业绩',
  `net_achieve` double DEFAULT NULL COMMENT '整网业绩',
  `cell_achieve` double DEFAULT NULL COMMENT '小组业绩',
  `accu_personal_achieve` double DEFAULT NULL COMMENT '累计个人业绩',
  `purchaser_code` varchar(8) NOT NULL COMMENT '经销商编码',
  `floors` int(11) NOT NULL COMMENT '层级',
  `rank_name` varchar(255) DEFAULT NULL COMMENT '等级名称',
  `rank_code` varchar(11) DEFAULT NULL COMMENT '等级编码',
  `id` int(11) NOT NULL COMMENT '自增(主键)',
  PRIMARY KEY (`id`)
) ENGINE=MyISAM DEFAULT CHARSET=utf8;

/*Data for the table `t_purchaser_achieve_his` */

/*Table structure for table `t_purchaser_bouns_curr` */

DROP TABLE IF EXISTS `t_purchaser_bouns_curr`;

CREATE TABLE `t_purchaser_bouns_curr` (
  `bouns_date` datetime DEFAULT NULL COMMENT '计算日期',
  `direct_bouns` double DEFAULT NULL COMMENT '直接奖',
  `indirect_bouns` double DEFAULT NULL COMMENT '间接奖',
  `leader_bouns` double DEFAULT NULL COMMENT '领导奖',
  `remark` varchar(255) DEFAULT NULL COMMENT '备注',
  `rank_name` varchar(255) DEFAULT NULL COMMENT '等级名称',
  `rank_code` varchar(11) DEFAULT NULL COMMENT '等级编码',
  `purchaser_code` varchar(8) NOT NULL COMMENT '经销商编码(主键)',
  `purchaser_name` varchar(255) DEFAULT NULL COMMENT '经销商姓名',
  PRIMARY KEY (`purchaser_code`)
) ENGINE=MyISAM DEFAULT CHARSET=utf8;

/*Data for the table `t_purchaser_bouns_curr` */

/*Table structure for table `t_purchaser_bouns_his` */

DROP TABLE IF EXISTS `t_purchaser_bouns_his`;

CREATE TABLE `t_purchaser_bouns_his` (
  `id` int(11) NOT NULL COMMENT '自增(主键)',
  `bouns_date` datetime DEFAULT NULL COMMENT '计算日期(用于查询)',
  `direct_bouns` double DEFAULT NULL COMMENT '直接奖',
  `indirect_bouns` double DEFAULT NULL COMMENT '间接奖',
  `leader_bouns` double DEFAULT NULL COMMENT '领导奖',
  `remark` varchar(255) DEFAULT NULL COMMENT '备注',
  `rank_name` varchar(255) DEFAULT NULL COMMENT '等级名称',
  `rank_code` varchar(11) DEFAULT NULL COMMENT '等级编码',
  `purchaser_code` varchar(8) NOT NULL COMMENT '经销商编码',
  `purchaser_name` varchar(255) DEFAULT NULL COMMENT '经销商姓名',
  PRIMARY KEY (`id`)
) ENGINE=MyISAM DEFAULT CHARSET=utf8;

/*Data for the table `t_purchaser_bouns_his` */

insert  into `t_purchaser_bouns_his`(`id`,`bouns_date`,`direct_bouns`,`indirect_bouns`,`leader_bouns`,`remark`,`rank_name`,`rank_code`,`purchaser_code`,`purchaser_name`) values (286,'2012-03-02 21:54:12',280,294.8,0,NULL,NULL,NULL,'000024',NULL),(285,'2012-03-02 21:54:12',28,0,0,NULL,NULL,NULL,'000020',NULL),(284,'2012-03-02 21:54:12',10,0,0,NULL,NULL,NULL,'000019',NULL),(283,'2012-03-02 21:54:12',30,0,0,NULL,NULL,NULL,'000018',NULL),(282,'2012-03-02 21:54:12',28,0,0,NULL,NULL,NULL,'000014',NULL),(281,'2012-03-02 21:54:12',10,0,0,NULL,NULL,NULL,'000013',NULL),(280,'2012-03-02 21:54:12',30,0,0,NULL,NULL,NULL,'000012',NULL),(279,'2012-03-02 21:54:12',28,0,0,NULL,NULL,NULL,'000008',NULL),(278,'2012-03-02 21:54:12',30,0,0,NULL,NULL,NULL,'000006',NULL),(277,'2012-03-02 21:54:12',10,0,0,NULL,NULL,NULL,'000007',NULL),(276,'2012-03-02 21:54:12',28,0,0,NULL,NULL,NULL,'000096',NULL),(275,'2012-03-02 21:54:12',10,0,0,NULL,NULL,NULL,'000095',NULL),(274,'2012-03-02 21:54:12',30,0,0,NULL,NULL,NULL,'000094',NULL),(273,'2012-03-02 21:54:12',112,16.5,0,NULL,NULL,NULL,'000086',NULL),(272,'2012-03-02 21:54:12',134.4,51.6,0,NULL,NULL,NULL,'000079',NULL),(271,'2012-03-02 21:54:11',134.4,51.6,0,NULL,NULL,NULL,'000072',NULL),(270,'2012-03-02 21:54:11',134.4,51.6,0,NULL,NULL,NULL,'000065',NULL),(269,'2012-03-02 21:54:11',134.4,51.6,0,NULL,NULL,NULL,'000058',NULL),(268,'2012-03-02 21:54:11',134.4,51.6,0,NULL,NULL,NULL,'000050',NULL),(267,'2012-03-02 21:54:11',134.4,51.6,0,NULL,NULL,NULL,'000043',NULL),(266,'2012-03-02 21:54:11',134.4,51.6,0,NULL,NULL,NULL,'000036',NULL),(265,'2012-03-02 21:54:11',10,0,0,NULL,NULL,NULL,'000029',NULL),(264,'2012-03-02 21:54:11',10,0,0,NULL,NULL,NULL,'000028',NULL),(263,'2012-03-02 21:54:11',134.4,51.6,0,NULL,NULL,NULL,'000027',NULL),(262,'2012-03-02 21:54:11',0,0,0,NULL,NULL,NULL,'000023',NULL),(261,'2012-03-02 21:54:11',10,0,0,NULL,NULL,NULL,'000022',NULL),(260,'2012-03-02 21:54:11',0,0,0,NULL,NULL,NULL,'000021',NULL),(259,'2012-03-02 21:54:11',0,0,0,NULL,NULL,NULL,'000017',NULL),(258,'2012-03-02 21:54:11',10,0,0,NULL,NULL,NULL,'000016',NULL),(257,'2012-03-02 21:54:11',0,0,0,NULL,NULL,NULL,'000015',NULL),(256,'2012-03-02 21:54:11',0,0,0,NULL,NULL,NULL,'000011',NULL),(255,'2012-03-02 21:54:11',10,0,0,NULL,NULL,NULL,'000010',NULL),(253,'2012-03-02 21:54:11',0,0,0,NULL,NULL,NULL,'000099',NULL),(254,'2012-03-02 21:54:11',0,0,0,NULL,NULL,NULL,'000009',NULL),(252,'2012-03-02 21:54:11',10,0,0,NULL,NULL,NULL,'000098',NULL),(251,'2012-03-02 21:54:11',0,0,0,NULL,NULL,NULL,'000097',NULL),(250,'2012-03-02 21:54:10',28,0,0,NULL,NULL,NULL,'000089',NULL),(249,'2012-03-02 21:54:10',5.5,0,0,NULL,NULL,NULL,'000088',NULL),(248,'2012-03-02 21:54:10',30,0,0,NULL,NULL,NULL,'000087',NULL),(247,'2012-03-02 21:54:10',28,0,0,NULL,NULL,NULL,'000082',NULL),(246,'2012-03-02 21:54:10',10,0,0,NULL,NULL,NULL,'000081',NULL),(245,'2012-03-02 21:54:10',30,0,0,NULL,NULL,NULL,'000080',NULL),(244,'2012-03-02 21:54:10',28,0,0,NULL,NULL,NULL,'000075',NULL),(243,'2012-03-02 21:54:10',10,0,0,NULL,NULL,NULL,'000074',NULL),(242,'2012-03-02 21:54:10',30,0,0,NULL,NULL,NULL,'000073',NULL),(241,'2012-03-02 21:54:10',28,0,0,NULL,NULL,NULL,'000068',NULL),(240,'2012-03-02 21:54:10',10,0,0,NULL,NULL,NULL,'000067',NULL),(239,'2012-03-02 21:54:10',30,0,0,NULL,NULL,NULL,'000066',NULL),(238,'2012-03-02 21:54:10',28,0,0,NULL,NULL,NULL,'000061',NULL),(237,'2012-03-02 21:54:10',10,0,0,NULL,NULL,NULL,'000060',NULL),(236,'2012-03-02 21:54:10',30,0,0,NULL,NULL,NULL,'000059',NULL),(235,'2012-03-02 21:54:10',28,0,0,NULL,NULL,NULL,'000053',NULL),(234,'2012-03-02 21:54:10',10,0,0,NULL,NULL,NULL,'000052',NULL),(233,'2012-03-02 21:54:10',0,0,0,NULL,NULL,NULL,'000051',NULL),(232,'2012-03-02 21:54:09',28,0,0,NULL,NULL,NULL,'000046',NULL),(231,'2012-03-02 21:54:09',10,0,0,NULL,NULL,NULL,'000045',NULL),(230,'2012-03-02 21:54:09',30,0,0,NULL,NULL,NULL,'000044',NULL),(229,'2012-03-02 21:54:09',28,0,0,NULL,NULL,NULL,'000039',NULL),(228,'2012-03-02 21:54:09',10,0,0,NULL,NULL,NULL,'000038',NULL),(227,'2012-03-02 21:54:09',30,0,0,NULL,NULL,NULL,'000037',NULL),(226,'2012-03-02 21:54:09',28,0,0,NULL,NULL,NULL,'000034',NULL),(225,'2012-03-02 21:54:09',10,0,0,NULL,NULL,NULL,'000032',NULL),(224,'2012-03-02 21:54:09',30,0,0,NULL,NULL,NULL,'000030',NULL),(223,'2012-03-02 21:54:09',0,0,0,NULL,NULL,NULL,'000092',NULL),(222,'2012-03-02 21:54:09',0,0,0,NULL,NULL,NULL,'000091',NULL),(221,'2012-03-02 21:54:09',0,0,0,NULL,NULL,NULL,'000090',NULL),(220,'2012-03-02 21:54:09',0,0,0,NULL,NULL,NULL,'000085',NULL),(219,'2012-03-02 21:54:09',10,0,0,NULL,NULL,NULL,'000084',NULL),(218,'2012-03-02 21:54:09',0,0,0,NULL,NULL,NULL,'000083',NULL),(217,'2012-03-02 21:54:09',0,0,0,NULL,NULL,NULL,'000078',NULL),(216,'2012-03-02 21:54:09',10,0,0,NULL,NULL,NULL,'000077',NULL),(215,'2012-03-02 21:54:09',0,0,0,NULL,NULL,NULL,'000076',NULL),(214,'2012-03-02 21:54:09',0,0,0,NULL,NULL,NULL,'000071',NULL),(213,'2012-03-02 21:54:09',10,0,0,NULL,NULL,NULL,'000070',NULL),(212,'2012-03-02 21:54:09',0,0,0,NULL,NULL,NULL,'000069',NULL),(211,'2012-03-02 21:54:09',0,0,0,NULL,NULL,NULL,'000064',NULL),(210,'2012-03-02 21:54:08',10,0,0,NULL,NULL,NULL,'000063',NULL),(209,'2012-03-02 21:54:08',0,0,0,NULL,NULL,NULL,'000062',NULL),(208,'2012-03-02 21:54:08',0,0,0,NULL,NULL,NULL,'000056',NULL),(207,'2012-03-02 21:54:08',10,0,0,NULL,NULL,NULL,'000055',NULL),(206,'2012-03-02 21:54:08',0,0,0,NULL,NULL,NULL,'000054',NULL),(205,'2012-03-02 21:54:08',0,0,0,NULL,NULL,NULL,'000049',NULL),(204,'2012-03-02 21:54:08',10,0,0,NULL,NULL,NULL,'000048',NULL),(203,'2012-03-02 21:54:08',0,0,0,NULL,NULL,NULL,'000047',NULL),(202,'2012-03-02 21:54:08',0,0,0,NULL,NULL,NULL,'000042',NULL),(201,'2012-03-02 21:54:08',10,0,0,NULL,NULL,NULL,'000041',NULL),(200,'2012-03-02 21:54:08',0,0,0,NULL,NULL,NULL,'000040',NULL),(199,'2012-03-02 21:54:08',0,0,0,NULL,NULL,NULL,'000035',NULL),(198,'2012-03-02 21:54:08',10,0,0,NULL,NULL,NULL,'000033',NULL),(197,'2012-03-02 21:54:08',0,0,0,NULL,NULL,NULL,'000031',NULL),(287,'2012-03-02 21:54:12',168,286.8,0,NULL,NULL,NULL,'000025',NULL),(288,'2012-03-02 21:54:13',144,158.1,0,NULL,NULL,NULL,'000026',NULL),(289,'2012-03-02 21:54:13',134.4,51.6,0,NULL,NULL,NULL,'000093',NULL),(290,'2012-03-02 21:54:13',140,985.7,64.2,NULL,NULL,NULL,'000005',NULL),(291,'2012-03-02 21:54:13',134.4,51.6,0,NULL,NULL,NULL,'000004',NULL),(292,'2012-03-02 21:54:13',134.4,51.6,0,NULL,NULL,NULL,'000003',NULL),(293,'2012-03-02 21:54:13',134.4,51.6,0,NULL,NULL,NULL,'000002',NULL),(294,'2012-03-02 21:54:13',196,1272.5,110.6,NULL,NULL,NULL,'000001',NULL),(468,'2012-03-11 11:36:47',0,0,0,NULL,NULL,NULL,'000079',NULL),(467,'2012-03-11 11:36:47',0,0,0,NULL,NULL,NULL,'000072',NULL),(466,'2012-03-11 11:36:47',0,0,0,NULL,NULL,NULL,'000065',NULL),(465,'2012-03-11 11:36:47',0,0,0,NULL,NULL,NULL,'000058',NULL),(464,'2012-03-11 11:36:47',0,0,0,NULL,NULL,NULL,'000050',NULL),(463,'2012-03-11 11:36:47',0,0,0,NULL,NULL,NULL,'000043',NULL),(462,'2012-03-11 11:36:47',0,0,0,NULL,NULL,NULL,'000036',NULL),(461,'2012-03-11 11:36:47',0,0,0,NULL,NULL,NULL,'000029',NULL),(460,'2012-03-11 11:36:47',0,0,0,NULL,NULL,NULL,'000028',NULL),(459,'2012-03-11 11:36:47',0,0,0,NULL,NULL,NULL,'000027',NULL),(458,'2012-03-11 11:36:47',0,0,0,NULL,NULL,NULL,'000023',NULL),(457,'2012-03-11 11:36:47',0,0,0,NULL,NULL,NULL,'000022',NULL),(456,'2012-03-11 11:36:46',0,0,0,NULL,NULL,NULL,'000021',NULL),(455,'2012-03-11 11:36:46',0,0,0,NULL,NULL,NULL,'000017',NULL),(454,'2012-03-11 11:36:46',0,0,0,NULL,NULL,NULL,'000016',NULL),(453,'2012-03-11 11:36:46',0,0,0,NULL,NULL,NULL,'000015',NULL),(452,'2012-03-11 11:36:46',0,0,0,NULL,NULL,NULL,'000011',NULL),(451,'2012-03-11 11:36:46',0,0,0,NULL,NULL,NULL,'000010',NULL),(450,'2012-03-11 11:36:46',0,0,0,NULL,NULL,NULL,'000009',NULL),(449,'2012-03-11 11:36:46',0,0,0,NULL,NULL,NULL,'000099',NULL),(448,'2012-03-11 11:36:46',0,0,0,NULL,NULL,NULL,'000098',NULL),(447,'2012-03-11 11:36:46',0,0,0,NULL,NULL,NULL,'000097',NULL),(446,'2012-03-11 11:36:46',0,0,0,NULL,NULL,NULL,'000089',NULL),(445,'2012-03-11 11:36:46',0,0,0,NULL,NULL,NULL,'000088',NULL),(444,'2012-03-11 11:36:46',0,0,0,NULL,NULL,NULL,'000087',NULL),(443,'2012-03-11 11:36:46',0,0,0,NULL,NULL,NULL,'000082',NULL),(442,'2012-03-11 11:36:46',0,0,0,NULL,NULL,NULL,'000081',NULL),(441,'2012-03-11 11:36:46',0,0,0,NULL,NULL,NULL,'000080',NULL),(440,'2012-03-11 11:36:46',0,0,0,NULL,NULL,NULL,'000075',NULL),(439,'2012-03-11 11:36:46',0,0,0,NULL,NULL,NULL,'000074',NULL),(438,'2012-03-11 11:36:45',0,0,0,NULL,NULL,NULL,'000073',NULL),(437,'2012-03-11 11:36:45',0,0,0,NULL,NULL,NULL,'000068',NULL),(436,'2012-03-11 11:36:45',0,0,0,NULL,NULL,NULL,'000067',NULL),(435,'2012-03-11 11:36:45',0,0,0,NULL,NULL,NULL,'000066',NULL),(434,'2012-03-11 11:36:45',0,0,0,NULL,NULL,NULL,'000061',NULL),(433,'2012-03-11 11:36:45',0,0,0,NULL,NULL,NULL,'000060',NULL),(432,'2012-03-11 11:36:45',0,0,0,NULL,NULL,NULL,'000059',NULL),(431,'2012-03-11 11:36:45',0,0,0,NULL,NULL,NULL,'000053',NULL),(430,'2012-03-11 11:36:45',0,0,0,NULL,NULL,NULL,'000052',NULL),(429,'2012-03-11 11:36:45',0,0,0,NULL,NULL,NULL,'000051',NULL),(428,'2012-03-11 11:36:45',0,0,0,NULL,NULL,NULL,'000046',NULL),(427,'2012-03-11 11:36:45',0,0,0,NULL,NULL,NULL,'000045',NULL),(426,'2012-03-11 11:36:45',0,0,0,NULL,NULL,NULL,'000044',NULL),(425,'2012-03-11 11:36:45',0,0,0,NULL,NULL,NULL,'000039',NULL),(424,'2012-03-11 11:36:44',0,0,0,NULL,NULL,NULL,'000038',NULL),(423,'2012-03-11 11:36:44',0,0,0,NULL,NULL,NULL,'000037',NULL),(422,'2012-03-11 11:36:44',0,0,0,NULL,NULL,NULL,'000034',NULL),(421,'2012-03-11 11:36:44',0,0,0,NULL,NULL,NULL,'000032',NULL),(420,'2012-03-11 11:36:44',0,0,0,NULL,NULL,NULL,'000030',NULL),(419,'2012-03-11 11:36:44',0,0,0,NULL,NULL,NULL,'000092',NULL),(418,'2012-03-11 11:36:44',0,0,0,NULL,NULL,NULL,'000091',NULL),(417,'2012-03-11 11:36:44',0,0,0,NULL,NULL,NULL,'000090',NULL),(416,'2012-03-11 11:36:44',0,0,0,NULL,NULL,NULL,'000085',NULL),(415,'2012-03-11 11:36:44',0,0,0,NULL,NULL,NULL,'000084',NULL),(414,'2012-03-11 11:36:44',0,0,0,NULL,NULL,NULL,'000083',NULL),(413,'2012-03-11 11:36:44',0,0,0,NULL,NULL,NULL,'000078',NULL),(412,'2012-03-11 11:36:44',0,0,0,NULL,NULL,NULL,'000077',NULL),(411,'2012-03-11 11:36:44',0,0,0,NULL,NULL,NULL,'000076',NULL),(410,'2012-03-11 11:36:44',0,0,0,NULL,NULL,NULL,'000071',NULL),(409,'2012-03-11 11:36:44',0,0,0,NULL,NULL,NULL,'000070',NULL),(408,'2012-03-11 11:36:44',0,0,0,NULL,NULL,NULL,'000069',NULL),(407,'2012-03-11 11:36:44',0,0,0,NULL,NULL,NULL,'000064',NULL),(406,'2012-03-11 11:36:44',0,0,0,NULL,NULL,NULL,'000063',NULL),(405,'2012-03-11 11:36:44',0,0,0,NULL,NULL,NULL,'000062',NULL),(404,'2012-03-11 11:36:44',0,0,0,NULL,NULL,NULL,'000056',NULL),(403,'2012-03-11 11:36:44',0,0,0,NULL,NULL,NULL,'000055',NULL),(402,'2012-03-11 11:36:44',0,0,0,NULL,NULL,NULL,'000054',NULL),(401,'2012-03-11 11:36:44',0,0,0,NULL,NULL,NULL,'000049',NULL),(400,'2012-03-11 11:36:43',0,0,0,NULL,NULL,NULL,'000048',NULL),(399,'2012-03-11 11:36:43',0,0,0,NULL,NULL,NULL,'000047',NULL),(398,'2012-03-11 11:36:43',0,0,0,NULL,NULL,NULL,'000042',NULL),(397,'2012-03-11 11:36:43',0,0,0,NULL,NULL,NULL,'000041',NULL),(396,'2012-03-11 11:36:43',0,0,0,NULL,NULL,NULL,'000040',NULL),(395,'2012-03-11 11:36:43',0,0,0,NULL,NULL,NULL,'000035',NULL),(394,'2012-03-11 11:36:43',0,0,0,NULL,NULL,NULL,'000033',NULL),(393,'2012-03-11 11:36:43',0,0,0,NULL,NULL,NULL,'000031',NULL),(392,'2012-03-04 20:47:02',0,0,0,NULL,NULL,NULL,'000001',NULL),(391,'2012-03-04 20:47:02',0,0,0,NULL,NULL,NULL,'000002',NULL),(390,'2012-03-04 20:47:02',0,0,0,NULL,NULL,NULL,'000003',NULL),(389,'2012-03-04 20:47:02',0,0,0,NULL,NULL,NULL,'000004',NULL),(388,'2012-03-04 20:47:01',0,0,0,NULL,NULL,NULL,'000005',NULL),(387,'2012-03-04 20:47:01',0,0,0,NULL,NULL,NULL,'000093',NULL),(386,'2012-03-04 20:47:01',0,0,0,NULL,NULL,NULL,'000026',NULL),(385,'2012-03-04 20:47:01',0,0,0,NULL,NULL,NULL,'000025',NULL),(384,'2012-03-04 20:47:01',0,0,0,NULL,NULL,NULL,'000024',NULL),(383,'2012-03-04 20:47:01',0,0,0,NULL,NULL,NULL,'000020',NULL),(382,'2012-03-04 20:47:01',0,0,0,NULL,NULL,NULL,'000019',NULL),(381,'2012-03-04 20:47:01',0,0,0,NULL,NULL,NULL,'000018',NULL),(380,'2012-03-04 20:47:01',0,0,0,NULL,NULL,NULL,'000014',NULL),(379,'2012-03-04 20:47:01',0,0,0,NULL,NULL,NULL,'000013',NULL),(378,'2012-03-04 20:47:00',0,0,0,NULL,NULL,NULL,'000012',NULL),(377,'2012-03-04 20:47:00',0,0,0,NULL,NULL,NULL,'000008',NULL),(376,'2012-03-04 20:47:00',0,0,0,NULL,NULL,NULL,'000006',NULL),(375,'2012-03-04 20:47:00',0,0,0,NULL,NULL,NULL,'000007',NULL),(374,'2012-03-04 20:47:00',0,0,0,NULL,NULL,NULL,'000096',NULL),(373,'2012-03-04 20:47:00',0,0,0,NULL,NULL,NULL,'000095',NULL),(372,'2012-03-04 20:47:00',0,0,0,NULL,NULL,NULL,'000094',NULL),(371,'2012-03-04 20:47:00',0,0,0,NULL,NULL,NULL,'000086',NULL),(370,'2012-03-04 20:47:00',0,0,0,NULL,NULL,NULL,'000079',NULL),(369,'2012-03-04 20:47:00',0,0,0,NULL,NULL,NULL,'000072',NULL),(368,'2012-03-04 20:47:00',0,0,0,NULL,NULL,NULL,'000065',NULL),(367,'2012-03-04 20:46:59',0,0,0,NULL,NULL,NULL,'000058',NULL),(366,'2012-03-04 20:46:59',0,0,0,NULL,NULL,NULL,'000050',NULL),(365,'2012-03-04 20:46:59',0,0,0,NULL,NULL,NULL,'000043',NULL),(364,'2012-03-04 20:46:59',0,0,0,NULL,NULL,NULL,'000036',NULL),(363,'2012-03-04 20:46:59',0,0,0,NULL,NULL,NULL,'000029',NULL),(362,'2012-03-04 20:46:59',0,0,0,NULL,NULL,NULL,'000028',NULL),(361,'2012-03-04 20:46:59',0,0,0,NULL,NULL,NULL,'000027',NULL),(360,'2012-03-04 20:46:59',0,0,0,NULL,NULL,NULL,'000023',NULL),(359,'2012-03-04 20:46:59',0,0,0,NULL,NULL,NULL,'000022',NULL),(358,'2012-03-04 20:46:59',0,0,0,NULL,NULL,NULL,'000021',NULL),(357,'2012-03-04 20:46:59',0,0,0,NULL,NULL,NULL,'000017',NULL),(356,'2012-03-04 20:46:59',0,0,0,NULL,NULL,NULL,'000016',NULL),(355,'2012-03-04 20:46:59',0,0,0,NULL,NULL,NULL,'000015',NULL),(354,'2012-03-04 20:46:59',0,0,0,NULL,NULL,NULL,'000011',NULL),(353,'2012-03-04 20:46:59',0,0,0,NULL,NULL,NULL,'000010',NULL),(352,'2012-03-04 20:46:59',0,0,0,NULL,NULL,NULL,'000009',NULL),(351,'2012-03-04 20:46:58',0,0,0,NULL,NULL,NULL,'000099',NULL),(350,'2012-03-04 20:46:58',0,0,0,NULL,NULL,NULL,'000098',NULL),(349,'2012-03-04 20:46:58',0,0,0,NULL,NULL,NULL,'000097',NULL),(348,'2012-03-04 20:46:58',0,0,0,NULL,NULL,NULL,'000089',NULL),(347,'2012-03-04 20:46:58',0,0,0,NULL,NULL,NULL,'000088',NULL),(346,'2012-03-04 20:46:58',0,0,0,NULL,NULL,NULL,'000087',NULL),(345,'2012-03-04 20:46:58',0,0,0,NULL,NULL,NULL,'000082',NULL),(344,'2012-03-04 20:46:58',0,0,0,NULL,NULL,NULL,'000081',NULL),(343,'2012-03-04 20:46:58',0,0,0,NULL,NULL,NULL,'000080',NULL),(342,'2012-03-04 20:46:58',0,0,0,NULL,NULL,NULL,'000075',NULL),(341,'2012-03-04 20:46:58',0,0,0,NULL,NULL,NULL,'000074',NULL),(340,'2012-03-04 20:46:58',0,0,0,NULL,NULL,NULL,'000073',NULL),(339,'2012-03-04 20:46:58',0,0,0,NULL,NULL,NULL,'000068',NULL),(338,'2012-03-04 20:46:58',0,0,0,NULL,NULL,NULL,'000067',NULL),(337,'2012-03-04 20:46:58',0,0,0,NULL,NULL,NULL,'000066',NULL),(336,'2012-03-04 20:46:57',0,0,0,NULL,NULL,NULL,'000061',NULL),(335,'2012-03-04 20:46:57',0,0,0,NULL,NULL,NULL,'000060',NULL),(334,'2012-03-04 20:46:57',0,0,0,NULL,NULL,NULL,'000059',NULL),(333,'2012-03-04 20:46:57',0,0,0,NULL,NULL,NULL,'000053',NULL),(332,'2012-03-04 20:46:57',0,0,0,NULL,NULL,NULL,'000052',NULL),(331,'2012-03-04 20:46:57',0,0,0,NULL,NULL,NULL,'000051',NULL),(330,'2012-03-04 20:46:57',0,0,0,NULL,NULL,NULL,'000046',NULL),(329,'2012-03-04 20:46:57',0,0,0,NULL,NULL,NULL,'000045',NULL),(328,'2012-03-04 20:46:57',0,0,0,NULL,NULL,NULL,'000044',NULL),(327,'2012-03-04 20:46:57',0,0,0,NULL,NULL,NULL,'000039',NULL),(326,'2012-03-04 20:46:57',0,0,0,NULL,NULL,NULL,'000038',NULL),(325,'2012-03-04 20:46:57',0,0,0,NULL,NULL,NULL,'000037',NULL),(324,'2012-03-04 20:46:57',0,0,0,NULL,NULL,NULL,'000034',NULL),(323,'2012-03-04 20:46:57',0,0,0,NULL,NULL,NULL,'000032',NULL),(322,'2012-03-04 20:46:56',0,0,0,NULL,NULL,NULL,'000030',NULL),(321,'2012-03-04 20:46:56',0,0,0,NULL,NULL,NULL,'000092',NULL),(320,'2012-03-04 20:46:56',0,0,0,NULL,NULL,NULL,'000091',NULL),(319,'2012-03-04 20:46:56',0,0,0,NULL,NULL,NULL,'000090',NULL),(318,'2012-03-04 20:46:56',0,0,0,NULL,NULL,NULL,'000085',NULL),(317,'2012-03-04 20:46:56',0,0,0,NULL,NULL,NULL,'000084',NULL),(316,'2012-03-04 20:46:56',0,0,0,NULL,NULL,NULL,'000083',NULL),(315,'2012-03-04 20:46:56',0,0,0,NULL,NULL,NULL,'000078',NULL),(314,'2012-03-04 20:46:56',0,0,0,NULL,NULL,NULL,'000077',NULL),(313,'2012-03-04 20:46:56',0,0,0,NULL,NULL,NULL,'000076',NULL),(312,'2012-03-04 20:46:56',0,0,0,NULL,NULL,NULL,'000071',NULL),(311,'2012-03-04 20:46:56',0,0,0,NULL,NULL,NULL,'000070',NULL),(310,'2012-03-04 20:46:56',0,0,0,NULL,NULL,NULL,'000069',NULL),(309,'2012-03-04 20:46:56',0,0,0,NULL,NULL,NULL,'000064',NULL),(308,'2012-03-04 20:46:56',0,0,0,NULL,NULL,NULL,'000063',NULL),(307,'2012-03-04 20:46:56',0,0,0,NULL,NULL,NULL,'000062',NULL),(306,'2012-03-04 20:46:56',0,0,0,NULL,NULL,NULL,'000056',NULL),(305,'2012-03-04 20:46:56',0,0,0,NULL,NULL,NULL,'000055',NULL),(304,'2012-03-04 20:46:56',0,0,0,NULL,NULL,NULL,'000054',NULL),(303,'2012-03-04 20:46:56',0,0,0,NULL,NULL,NULL,'000049',NULL),(302,'2012-03-04 20:46:56',0,0,0,NULL,NULL,NULL,'000048',NULL),(301,'2012-03-04 20:46:56',0,0,0,NULL,NULL,NULL,'000047',NULL),(300,'2012-03-04 20:46:56',0,0,0,NULL,NULL,NULL,'000042',NULL),(299,'2012-03-04 20:46:56',0,0,0,NULL,NULL,NULL,'000041',NULL),(298,'2012-03-04 20:46:56',0,0,0,NULL,NULL,NULL,'000040',NULL),(297,'2012-03-04 20:46:56',0,0,0,NULL,NULL,NULL,'000035',NULL),(296,'2012-03-04 20:46:56',0,0,0,NULL,NULL,NULL,'000033',NULL),(295,'2012-03-04 20:46:55',0,0,0,NULL,NULL,NULL,'000031',NULL),(469,'2012-03-11 11:36:48',0,0,0,NULL,NULL,NULL,'000086',NULL),(470,'2012-03-11 11:36:48',0,0,0,NULL,NULL,NULL,'000094',NULL),(471,'2012-03-11 11:36:48',0,0,0,NULL,NULL,NULL,'000095',NULL),(472,'2012-03-11 11:36:48',0,0,0,NULL,NULL,NULL,'000096',NULL),(473,'2012-03-11 11:36:48',0,0,0,NULL,NULL,NULL,'000007',NULL),(474,'2012-03-11 11:36:48',0,0,0,NULL,NULL,NULL,'000006',NULL),(475,'2012-03-11 11:36:48',0,0,0,NULL,NULL,NULL,'000008',NULL),(476,'2012-03-11 11:36:48',0,0,0,NULL,NULL,NULL,'000012',NULL),(477,'2012-03-11 11:36:48',0,0,0,NULL,NULL,NULL,'000013',NULL),(478,'2012-03-11 11:36:48',0,0,0,NULL,NULL,NULL,'000014',NULL),(479,'2012-03-11 11:36:48',0,0,0,NULL,NULL,NULL,'000018',NULL),(480,'2012-03-11 11:36:48',0,0,0,NULL,NULL,NULL,'000019',NULL),(481,'2012-03-11 11:36:48',0,0,0,NULL,NULL,NULL,'000020',NULL),(482,'2012-03-11 11:36:48',0,0,0,NULL,NULL,NULL,'000024',NULL),(483,'2012-03-11 11:36:49',0,0,0,NULL,NULL,NULL,'000025',NULL),(484,'2012-03-11 11:36:49',0,0,0,NULL,NULL,NULL,'000026',NULL),(485,'2012-03-11 11:36:49',0,0,0,NULL,NULL,NULL,'000093',NULL),(486,'2012-03-11 11:36:49',0,0,0,NULL,NULL,NULL,'000005',NULL),(487,'2012-03-11 11:36:49',0,0,0,NULL,NULL,NULL,'000004',NULL),(488,'2012-03-11 11:36:49',0,0,0,NULL,NULL,NULL,'000003',NULL),(489,'2012-03-11 11:36:49',0,0,0,NULL,NULL,NULL,'000002',NULL),(490,'2012-03-11 11:36:49',0,0,0,NULL,NULL,NULL,'000001',NULL);

/*Table structure for table `t_purchaser_info` */

DROP TABLE IF EXISTS `t_purchaser_info`;

CREATE TABLE `t_purchaser_info` (
  `shop_code` varchar(11) DEFAULT NULL COMMENT '所属店铺编码',
  `rank_code` varchar(11) DEFAULT NULL COMMENT '等级编码',
  `purchaser_code` varchar(8) NOT NULL COMMENT '经销商编码(主键)',
  `purchaser_name` varchar(255) DEFAULT NULL COMMENT '经销商名称',
  `create_time` datetime DEFAULT NULL COMMENT '创建时间',
  `address` varchar(255) DEFAULT NULL COMMENT '联系地址',
  `phone` varchar(40) DEFAULT NULL COMMENT '联系号码',
  `remark` varchar(255) DEFAULT NULL COMMENT '备注',
  `sponsor_code` varchar(8) DEFAULT NULL COMMENT '上级经销商编码',
  `floors` int(11) DEFAULT NULL COMMENT '层级 最上面是第一层 以此类推',
  `bankAcc` int(255) DEFAULT NULL COMMENT '银行账户',
  `rank_name` varchar(11) DEFAULT NULL COMMENT '等级名称',
  `shop_name` varchar(11) DEFAULT NULL COMMENT '所属店铺名称',
  `sponsor_name` varchar(255) DEFAULT NULL COMMENT '上级经销商名称',
  `purchaser_pass` varchar(255) DEFAULT '0000' COMMENT '经销商登陆密码',
  `purchaser_gender` varchar(255) DEFAULT NULL COMMENT '经销商性别',
  `purchaser_age` int(3) DEFAULT NULL COMMENT '经销商年龄',
  PRIMARY KEY (`purchaser_code`),
  KEY `FK_Reference_2` (`shop_code`),
  KEY `FK_Reference_4` (`rank_code`)
) ENGINE=MyISAM DEFAULT CHARSET=utf8;

/*Data for the table `t_purchaser_info` */

insert  into `t_purchaser_info`(`shop_code`,`rank_code`,`purchaser_code`,`purchaser_name`,`create_time`,`address`,`phone`,`remark`,`sponsor_code`,`floors`,`bankAcc`,`rank_name`,`shop_name`,`sponsor_name`,`purchaser_pass`,`purchaser_gender`,`purchaser_age`) values ('*','102009','000000','系统管理员','2012-02-06 17:59:11','*','*',NULL,'*',0,0,'九星','*','*','0000','男',26),('2','102001','000007','C','2012-02-07 20:12:19','','',NULL,'000002',3,NULL,NULL,NULL,NULL,'0000',NULL,NULL),('1','102001','000006','B','2012-02-07 20:11:16','','',NULL,'000002',3,NULL,NULL,NULL,NULL,'0000',NULL,NULL),('2','102001','000005','X','2012-02-07 20:10:29','','',NULL,'000001',2,NULL,NULL,NULL,NULL,'0000',NULL,NULL),('2','102001','000004','AAA','2012-02-07 20:09:58','','',NULL,'000001',2,NULL,NULL,NULL,NULL,'0000',NULL,NULL),('2','102001','000003','AA','2012-02-07 20:09:33','','',NULL,'000001',2,NULL,NULL,NULL,NULL,'0000',NULL,NULL),('1','102001','000002','A','2012-02-07 20:08:56','','',NULL,'000001',2,NULL,NULL,NULL,NULL,'0000',NULL,NULL),('8','102001','000001','Z','2012-02-07 20:08:18','','',NULL,'000000',1,NULL,NULL,NULL,NULL,'0000',NULL,NULL),('2','102001','000008','D','2012-02-07 20:12:50','','',NULL,'000002',3,NULL,NULL,NULL,NULL,'0000',NULL,NULL),('1','102001','000009','B1','2012-02-07 20:14:38','','',NULL,'000006',4,NULL,NULL,NULL,NULL,'0000',NULL,NULL),('1','102001','000010','C1','2012-02-07 20:15:27','','',NULL,'000007',4,NULL,NULL,NULL,NULL,'0000',NULL,NULL),('1','102001','000011','D1','2012-02-07 20:16:09','','',NULL,'000008',4,NULL,NULL,NULL,NULL,'0000',NULL,NULL),('2','102001','000012','BB','2012-02-07 20:16:47','','',NULL,'000003',3,NULL,NULL,NULL,NULL,'0000',NULL,NULL),('1','102001','000013','CC','2012-02-07 20:18:32','','',NULL,'000003',3,NULL,NULL,NULL,NULL,'0000',NULL,NULL),('2','102001','000014','DD','2012-02-07 20:19:02','','',NULL,'000003',3,NULL,NULL,NULL,NULL,'0000',NULL,NULL),('1','102001','000015','BB1','2012-02-07 20:19:48','','',NULL,'000012',4,NULL,NULL,NULL,NULL,'0000',NULL,NULL),('1','102001','000016','CC1','2012-02-07 20:21:39','','',NULL,'000013',4,NULL,NULL,NULL,NULL,'0000',NULL,NULL),('1','102001','000017','DD1','2012-02-07 20:22:02','','',NULL,'000014',4,NULL,NULL,NULL,NULL,'0000',NULL,NULL),('2','102001','000018','BBB','2012-02-07 20:22:44','','',NULL,'000004',3,NULL,NULL,NULL,NULL,'0000',NULL,NULL),('1','102001','000019','CCC','2012-02-07 20:27:05','','',NULL,'000004',3,NULL,NULL,NULL,NULL,'0000',NULL,NULL),('1','102001','000020','DDD','2012-02-07 20:27:35','','',NULL,'000004',3,NULL,NULL,NULL,NULL,'0000',NULL,NULL),('1','102001','000021','B3','2012-02-07 20:28:30','','',NULL,'000018',4,NULL,NULL,NULL,NULL,'0000',NULL,NULL),('1','102001','000022','C3','2012-02-07 20:29:04','','',NULL,'000019',4,NULL,NULL,NULL,NULL,'0000',NULL,NULL),('1','102001','000023','D3','2012-02-07 20:29:33','','',NULL,'000020',4,NULL,NULL,NULL,NULL,'0000',NULL,NULL),('1','102001','000024','Z1','2012-02-07 20:32:19','','',NULL,'000005',3,NULL,NULL,NULL,NULL,'0000',NULL,NULL),('1','102001','000025','Z2','2012-02-07 20:32:45','','',NULL,'000005',3,NULL,NULL,NULL,NULL,'0000',NULL,NULL),('1','102001','000026','Z3','2012-02-07 20:33:05','','',NULL,'000005',3,NULL,NULL,NULL,NULL,'0000',NULL,NULL),('1','102001','000027','AAAA','2012-02-07 20:37:04','','',NULL,'000024',4,NULL,NULL,NULL,NULL,'0000',NULL,NULL),('1','102001','000028','AAAAA','2012-02-07 20:37:38','','',NULL,'000024',4,NULL,NULL,NULL,NULL,'0000',NULL,NULL),('1','102001','000029','AAAAAA','2012-02-07 20:38:05','','',NULL,'000024',4,NULL,NULL,NULL,NULL,'0000',NULL,NULL),('1','102001','000030','BBBB','2012-02-07 20:39:03','','',NULL,'000027',5,NULL,NULL,NULL,NULL,'0000',NULL,NULL),('1','102001','000031','B4','2012-02-07 20:40:13','','',NULL,'000030',6,NULL,NULL,NULL,NULL,'0000',NULL,NULL),('1','102001','000032','CCCC','2012-02-07 20:40:46','','',NULL,'000027',5,NULL,NULL,NULL,NULL,'0000',NULL,NULL),('3','102001','000033','C4','2012-02-07 20:41:13','','',NULL,'000032',6,NULL,NULL,NULL,NULL,'0000',NULL,NULL),('1','102001','000034','DDDD','2012-02-07 20:41:43','','',NULL,'000027',5,NULL,NULL,NULL,NULL,'0000',NULL,NULL),('3','102001','000035','D4','2012-02-07 20:42:41','','',NULL,'000034',6,NULL,NULL,NULL,NULL,'0000',NULL,NULL),('1','102001','000036','AAAAA','2012-02-07 20:44:30','','',NULL,'000024',4,NULL,NULL,NULL,NULL,'0000',NULL,NULL),('1','102001','000037','BBBBB','2012-02-07 20:45:56','','',NULL,'000036',5,NULL,NULL,NULL,NULL,'0000',NULL,NULL),('3','102001','000038','CCCCC','2012-02-07 20:46:45','','',NULL,'000036',5,NULL,NULL,NULL,NULL,'0000',NULL,NULL),('3','102001','000039','DDDDD','2012-02-07 20:47:16','','',NULL,'000036',5,NULL,NULL,NULL,NULL,'0000',NULL,NULL),('1','102001','000040','B5','2012-02-07 20:47:56','','',NULL,'000037',6,NULL,NULL,NULL,NULL,'0000',NULL,NULL),('1','102001','000041','C5','2012-02-07 20:48:25','','',NULL,'000038',6,NULL,NULL,NULL,NULL,'0000',NULL,NULL),('1','102001','000042','D5','2012-02-07 20:48:54','','',NULL,'000039',6,NULL,NULL,NULL,NULL,'0000',NULL,NULL),('1','102001','000043','AAAAAA','2012-02-07 20:50:21','','',NULL,'000024',4,NULL,NULL,NULL,NULL,'0000',NULL,NULL),('2','102001','000044','BBBBBB','2012-02-07 20:50:45','','',NULL,'000043',5,NULL,NULL,NULL,NULL,'0000',NULL,NULL),('1','102001','000045','CCCCCC','2012-02-07 20:51:23','','',NULL,'000043',5,NULL,NULL,NULL,NULL,'0000',NULL,NULL),('1','102001','000046','DDDDDD','2012-02-07 20:51:42','','',NULL,'000043',5,NULL,NULL,NULL,NULL,'0000',NULL,NULL),('1','102001','000047','B6','2012-02-07 20:52:14','','',NULL,'000044',6,NULL,NULL,NULL,NULL,'0000',NULL,NULL),('1','102001','000048','C6','2012-02-07 20:52:37','','',NULL,'000045',6,NULL,NULL,NULL,NULL,'0000',NULL,NULL),('1','102001','000049','D6','2012-02-07 20:52:58','','',NULL,'000046',6,NULL,NULL,NULL,NULL,'0000',NULL,NULL),('1','102001','000050','AAAAAAA','2012-02-07 20:53:39','','',NULL,'000025',4,NULL,NULL,NULL,NULL,'0000',NULL,NULL),('1','102001','000051','BBBBBBB','2012-02-07 20:54:05','','',NULL,'000050',5,NULL,NULL,NULL,NULL,'0000',NULL,NULL),('1','102001','000052','CCCCCCC','2012-02-07 20:54:50','','',NULL,'000050',5,NULL,NULL,NULL,NULL,'0000',NULL,NULL),('1','102001','000053','DDDDDDD','2012-02-07 20:55:14','','',NULL,'000050',5,NULL,NULL,NULL,NULL,'0000',NULL,NULL),('1','102001','000054','B7','2012-02-07 20:55:40','','',NULL,'000051',6,NULL,NULL,NULL,NULL,'0000',NULL,NULL),('1','102001','000055','C7','2012-02-07 20:56:06','','',NULL,'000052',6,NULL,NULL,NULL,NULL,'0000',NULL,NULL),('1','102001','000056','D7','2012-02-07 20:56:27','','',NULL,'000053',6,NULL,NULL,NULL,NULL,'0000',NULL,NULL),('1','102001','000058','AAAAAAAA','2012-02-07 20:57:00','','',NULL,'000025',4,NULL,NULL,NULL,NULL,'0000',NULL,NULL),('1','102001','000059','BBBBBBBB','2012-02-07 20:58:17','','',NULL,'000058',5,NULL,NULL,NULL,NULL,'0000',NULL,NULL),('1','102001','000060','CCCCCCCC','2012-02-07 20:58:43','','',NULL,'000058',5,NULL,NULL,NULL,NULL,'0000',NULL,NULL),('1','102001','000061','DDDDDDDD','2012-02-07 20:59:11','','',NULL,'000058',5,NULL,NULL,NULL,NULL,'0000',NULL,NULL),('1','102001','000062','B8','2012-02-07 20:59:40','','',NULL,'000059',6,NULL,NULL,NULL,NULL,'0000',NULL,NULL),('1','102001','000063','C8','2012-02-07 21:00:08','','',NULL,'000060',6,NULL,NULL,NULL,NULL,'0000',NULL,NULL),('1','102001','000064','D8','2012-02-07 21:00:31','','',NULL,'000061',6,NULL,NULL,NULL,NULL,'0000',NULL,NULL),('2','102001','000065','AAAAAAAAA','2012-02-07 21:01:05','','',NULL,'000025',4,NULL,NULL,NULL,NULL,'0000',NULL,NULL),('1','102001','000066','BBBBBBBBB','2012-02-07 21:01:31','','',NULL,'000065',5,NULL,NULL,NULL,NULL,'0000',NULL,NULL),('1','102001','000067','CCCCCCCCC','2012-02-07 21:02:03','','',NULL,'000065',5,NULL,NULL,NULL,NULL,'0000',NULL,NULL),('1','102001','000068','DDDDDDDDD','2012-02-07 21:02:27','','',NULL,'000065',5,NULL,NULL,NULL,NULL,'0000',NULL,NULL),('1','102001','000069','B9','2012-02-07 21:02:49','','',NULL,'000066',6,NULL,NULL,NULL,NULL,'0000',NULL,NULL),('1','102001','000070','C9','2012-02-07 21:03:12','','',NULL,'000067',6,NULL,NULL,NULL,NULL,'0000',NULL,NULL),('1','102001','000071','D9','2012-02-07 21:03:33','','',NULL,'000068',6,NULL,NULL,NULL,NULL,'0000',NULL,NULL),('1','102001','000072','AAAAAAAAAA','2012-02-07 21:04:07','','',NULL,'000026',4,NULL,NULL,NULL,NULL,'0000',NULL,NULL),('1','102001','000073','BBBBBBBBBB','2012-02-07 21:04:31','','',NULL,'000072',5,NULL,NULL,NULL,NULL,'0000',NULL,NULL),('1','102001','000074','CCCCCCCCCC','2012-02-07 21:04:57','','',NULL,'000072',5,NULL,NULL,NULL,NULL,'0000',NULL,NULL),('1','102001','000075','DDDDDDDDDD','2012-02-07 21:05:27','','',NULL,'000072',5,NULL,NULL,NULL,NULL,'0000',NULL,NULL),('3','102001','000076','B10','2012-02-07 21:05:47','','',NULL,'000073',6,NULL,NULL,NULL,NULL,'0000',NULL,NULL),('3','102001','000077','C10','2012-02-07 21:06:12','','',NULL,'000074',6,NULL,NULL,NULL,NULL,'0000',NULL,NULL),('1','102001','000078','D10','2012-02-07 21:06:37','','',NULL,'000075',6,NULL,NULL,NULL,NULL,'0000',NULL,NULL),('8','102001','000079','AAAAAAAAAAA','2012-02-07 21:07:15','','',NULL,'000026',4,NULL,NULL,NULL,NULL,'0000',NULL,NULL),('3','102001','000080','BBBBBBBBBBB','2012-02-07 21:07:40','','',NULL,'000079',5,NULL,NULL,NULL,NULL,'0000',NULL,NULL),('1','102001','000081','CCCCCCCCCCC','2012-02-07 21:08:17','','',NULL,'000079',5,NULL,NULL,NULL,NULL,'0000',NULL,NULL),('1','102001','000082','DDDDDDDDDDD','2012-02-07 21:08:52','','',NULL,'000079',5,NULL,NULL,NULL,NULL,'0000',NULL,NULL),('1','102001','000083','B11','2012-02-07 21:09:25','','',NULL,'000080',6,NULL,NULL,NULL,NULL,'0000',NULL,NULL),('1','102001','000084','C11','2012-02-07 21:09:53','','',NULL,'000081',6,NULL,NULL,NULL,NULL,'0000',NULL,NULL),('1','102001','000085','D11','2012-02-07 21:10:14','','',NULL,'000082',6,NULL,NULL,NULL,NULL,'0000',NULL,NULL),('3','102001','000086','AAAAAAAAAAAA','2012-02-07 21:10:52','','',NULL,'000026',4,NULL,NULL,NULL,NULL,'0000',NULL,NULL),('1','102001','000087','BBBBBBBBBBBB','2012-02-07 21:11:23','','',NULL,'000086',5,NULL,NULL,NULL,NULL,'0000',NULL,NULL),('3','102001','000088','CCCCCCCCCCCC','2012-02-07 21:12:04','','',NULL,'000086',5,NULL,NULL,NULL,NULL,'0000',NULL,NULL),('2','102001','000089','DDDDDDDDDDDD','2012-02-07 21:12:29','','',NULL,'000086',5,NULL,NULL,NULL,NULL,'0000',NULL,NULL),('1','102001','000090','B12','2012-02-07 21:12:56','','',NULL,'000087',6,NULL,NULL,NULL,NULL,'0000',NULL,NULL),('3','102001','000091','C12','2012-02-07 21:13:31','','',NULL,'000088',6,NULL,NULL,NULL,NULL,'0000',NULL,NULL),('1','102001','000092','D12','2012-02-07 21:13:54','','',NULL,'000089',6,NULL,NULL,NULL,NULL,'0000',NULL,NULL),('1','102001','000093','AAAAAAAAAAAAA','2012-02-07 21:14:37','','',NULL,'000005',3,NULL,NULL,NULL,NULL,'0000',NULL,NULL),('4','102001','000094','BBBBBBBBBBBBB','2012-02-07 21:15:07','','',NULL,'000093',4,NULL,NULL,NULL,NULL,'0000',NULL,NULL),('1','102001','000095','CCCCCCCCCCCCC','2012-02-07 21:15:38','','',NULL,'000093',4,NULL,NULL,NULL,NULL,'0000',NULL,NULL),('1','102001','000096','DDDDDDDDDDDDD','2012-02-07 21:16:15','','',NULL,'000093',4,NULL,NULL,NULL,NULL,'0000',NULL,NULL),('3','102001','000097','B13','2012-02-07 21:16:36','','',NULL,'000094',5,NULL,NULL,NULL,NULL,'0000',NULL,NULL),('4','102001','000098','C13','2012-02-07 21:16:59','','',NULL,'000095',5,NULL,NULL,NULL,NULL,'0000',NULL,NULL),('1','102001','000099','D13','2012-02-07 21:17:21','','',NULL,'000096',5,NULL,NULL,NULL,NULL,'0000',NULL,NULL);

/*Table structure for table `t_shop_info` */

DROP TABLE IF EXISTS `t_shop_info`;

CREATE TABLE `t_shop_info` (
  `shop_code` varchar(8) NOT NULL COMMENT '店铺编码(主键)',
  `shop_name` varchar(64) NOT NULL COMMENT '店铺名称',
  `shop_owner` varchar(8) NOT NULL COMMENT '店主',
  `shop_country` varchar(64) DEFAULT NULL COMMENT '所在国家',
  `shop_city` varchar(64) DEFAULT NULL COMMENT '所在城市',
  `create_time` datetime DEFAULT NULL COMMENT '创建时间',
  `shop_street` varchar(255) DEFAULT NULL COMMENT '店铺街道',
  PRIMARY KEY (`shop_code`)
) ENGINE=MyISAM DEFAULT CHARSET=utf8;

/*Data for the table `t_shop_info` */

insert  into `t_shop_info`(`shop_code`,`shop_name`,`shop_owner`,`shop_country`,`shop_city`,`create_time`,`shop_street`) values ('CG982002','Koufoutila','00000002','cg','cg','2012-02-03 23:41:52','cg'),('CG982001','Milandou','00000001','cg','cg','2012-02-03 23:34:27','cg'),('CG982201','Mm','00000003','cg','cg','2012-02-03 23:43:30','cg'),('CG982301','Gladiss','00010000','cg','cg','2012-02-03 23:43:57','cg'),('CG982000','Company','000000','cg','cg','2012-02-03 23:59:48','cg');

/*Table structure for table `user` */

DROP TABLE IF EXISTS `user`;

CREATE TABLE `user` (
  `USER_ID` bigint(20) NOT NULL AUTO_INCREMENT COMMENT '用户ID',
  `USER_NAME` varchar(20) DEFAULT NULL COMMENT '用户名',
  `PASSWORD` varchar(42) DEFAULT NULL COMMENT '密码',
  `CREATE_TIME` datetime DEFAULT NULL COMMENT '创建时间',
  `GENDER` char(2) DEFAULT NULL COMMENT '性别',
  PRIMARY KEY (`USER_ID`),
  UNIQUE KEY `USER_NAME_UNIQ` (`USER_NAME`)
) ENGINE=MyISAM AUTO_INCREMENT=2 DEFAULT CHARSET=utf8;

/*Data for the table `user` */

insert  into `user`(`USER_ID`,`USER_NAME`,`PASSWORD`,`CREATE_TIME`,`GENDER`) values (1,'admin','000000','2012-01-05 15:09:41','男');

/* Procedure structure for procedure `proc_network` */

/*!50003 DROP PROCEDURE IF EXISTS  `proc_network` */;

DELIMITER $$

/*!50003 CREATE DEFINER=`root`@`localhost` PROCEDURE `proc_network`(
	p_distributorCode CHAR(8),
	p_date VARCHAR(100)
    )
BEGIN
	DECLARE v_id INT(8);
	DECLARE v_floor INT(11);
	SELECT u.res_id ,u.floors INTO v_id ,v_floor FROM t_distributor u WHERE u.distributor_code=p_distributorCode;
	SELECT t.floors AS FLOOR ,t.sponsor_code AS SPONSOR_CODE ,s.shop_code AS SHOP_CODE ,
	t.distributor_name AS NAME,t.sponsor_name AS SPONSOR_NAME,t.distributor_code AS CODE,r.rank_name AS RANK,
	g.accu_achieve AS ACCU_PV , g.accu_p_achieve AS PERSONAL_APV ,g.net_achieve AS TNPV ,g.person_achieve AS PERSONAL_PV,
	g.bonus_achieve AS PERSONAL_BV ,g.cell_achieve AS GPV 
	FROM t_distributor t 
	LEFT JOIN t_shop_info s ON s.res_id=t.shop_id 
	LEFT  JOIN t_distributor_rank r ON r.res_id=t.rank_id 
	LEFT JOIN t_distributor_grade_his g ON g.distributor_code=t.distributor_code 
	WHERE FIND_IN_SET(t.res_id,getChildLst(v_id)) 
	AND t.floors>v_floor-1 AND DATE_FORMAT(g.achieve_date,'%Y-%m-%d')= p_date
	ORDER BY t.floors ASC; 
    END */$$
DELIMITER ;

/* Procedure structure for procedure `test_procedure` */

/*!50003 DROP PROCEDURE IF EXISTS  `test_procedure` */;

DELIMITER $$

/*!50003 CREATE DEFINER=`root`@`localhost` PROCEDURE `test_procedure`()
BEGIN
	SELECT VERSION();
    END */$$
DELIMITER ;

/*!40101 SET SQL_MODE=@OLD_SQL_MODE */;
/*!40014 SET FOREIGN_KEY_CHECKS=@OLD_FOREIGN_KEY_CHECKS */;
/*!40014 SET UNIQUE_CHECKS=@OLD_UNIQUE_CHECKS */;
/*!40111 SET SQL_NOTES=@OLD_SQL_NOTES */;
